{"cameraMode":{"drawMode":0,"name":"Shaded","section":"Shading Mode"},"sceneLighting":true,"audioPlay":false,"sceneViewState":{"showFog":true,"showMaterialUpdate":false,"showSkybox":true,"showFlares":true,"showImageEffects":true,"showParticleSystems":true},"in2DMode":false,"pivot":{"x":-11.266530990600586,"y":4.625803470611572,"z":88.3032455444336},"rotation":{"x":0.011999636888504029,"y":-0.004499598406255245,"z":0.000054031643230700865,"w":0.9999188184738159},"size":13.654991149902344,"orthographic":true}