{"cameraMode":{"drawMode":0,"name":"Shaded","section":"Shading Mode"},"sceneLighting":true,"audioPlay":false,"sceneViewState":{"showFog":true,"showMaterialUpdate":false,"showSkybox":true,"showFlares":true,"showImageEffects":true,"showParticleSystems":true},"in2DMode":false,"pivot":{"x":39.834049224853519,"y":-0.08624555170536041,"z":-0.2666743993759155},"rotation":{"x":0.0827939584851265,"y":0.24408699572086335,"z":-0.02092047594487667,"w":0.9659888744354248},"size":3.8695931434631349,"orthographic":true}