{"cameraMode":{"drawMode":0,"name":"Shaded","section":"Shading Mode"},"sceneLighting":true,"audioPlay":false,"sceneViewState":{"showFog":true,"showMaterialUpdate":false,"showSkybox":true,"showFlares":true,"showImageEffects":true,"showParticleSystems":true},"in2DMode":false,"pivot":{"x":-1.2323970794677735,"y":5.143157482147217,"z":90.6836929321289},"rotation":{"x":0.07941623777151108,"y":-0.001495548989623785,"z":0.00011908977467101067,"w":0.9968414902687073},"size":10.73457145690918,"orthographic":true}