{"cameraMode":{"drawMode":0,"name":"Shaded","section":"Shading Mode"},"sceneLighting":true,"audioPlay":false,"sceneViewState":{"showFog":true,"showMaterialUpdate":false,"showSkybox":true,"showFlares":true,"showImageEffects":true,"showParticleSystems":true},"in2DMode":false,"pivot":{"x":4.098470687866211,"y":5.034388542175293,"z":6.462493419647217},"rotation":{"x":0.029995344579219819,"y":-0.004497725050896406,"z":0.00013452130951918662,"w":0.9995434880256653},"size":26.613149642944337,"orthographic":true}