{"cameraMode":{"drawMode":0,"name":"Shaded","section":"Shading Mode"},"sceneLighting":false,"audioPlay":false,"sceneViewState":{"showFog":true,"showMaterialUpdate":false,"showSkybox":false,"showFlares":true,"showImageEffects":true,"showParticleSystems":true},"in2DMode":false,"pivot":{"x":1.5843315124511719,"y":1.508232593536377,"z":96.9936294555664},"rotation":{"x":0.24228234589099885,"y":-0.2692791521549225,"z":0.07019422948360443,"w":0.929442822933197},"size":31.051868438720704,"orthographic":false}