{"cameraMode":{"drawMode":0,"name":"Shaded","section":"Shading Mode"},"sceneLighting":true,"audioPlay":false,"sceneViewState":{"showFog":true,"showMaterialUpdate":false,"showSkybox":true,"showFlares":true,"showImageEffects":true,"showParticleSystems":true},"in2DMode":false,"pivot":{"x":1.5957942008972169,"y":1.5454375743865967,"z":89.5311279296875},"rotation":{"x":0.06826215237379074,"y":0.04936394467949867,"z":-0.0033823419362306597,"w":0.9964533448219299},"size":26.364063262939454,"orthographic":false}